{
  "main": {
    "id": "63290eeedda3b5cd",
    "type": "split",
    "children": [
      {
        "id": "b184b64c8337f963",
        "type": "tabs",
        "children": [
          {
            "id": "8d52a483ac26d81f",
            "type": "leaf",
            "state": {
              "type": "markdown",
              "state": {
                "file": "vsftpd.md",
                "mode": "source",
                "source": false
              }
            }
          }
        ]
      }
    ],
    "direction": "vertical"
  },
  "left": {
    "id": "0ea1d76988c66df4",
    "type": "split",
    "children": [
      {
        "id": "848ebf291da9a8c8",
        "type": "tabs",
        "children": [
          {
            "id": "1f67b1f57630cace",
            "type": "leaf",
            "state": {
              "type": "file-explorer",
              "state": {
                "sortOrder": "alphabetical"
              }
            }
          },
          {
            "id": "47fc46c26cecefc8",
            "type": "leaf",
            "state": {
              "type": "search",
              "state": {
                "query": "",
                "matchingCase": false,
                "explainSearch": false,
                "collapseAll": false,
                "extraContext": false,
                "sortOrder": "alphabetical"
              }
            }
          },
          {
            "id": "abe73ec6d8cc481e",
            "type": "leaf",
            "state": {
              "type": "bookmarks",
              "state": {}
            }
          }
        ]
      }
    ],
    "direction": "horizontal",
    "width": 300
  },
  "right": {
    "id": "7c4023b326885a39",
    "type": "split",
    "children": [
      {
        "id": "23df5ca77de52bbc",
        "type": "tabs",
        "children": [
          {
            "id": "6ccd0d8e56499631",
            "type": "leaf",
            "state": {
              "type": "backlink",
              "state": {
                "file": "vsftpd.md",
                "collapseAll": false,
                "extraContext": false,
                "sortOrder": "alphabetical",
                "showSearch": false,
                "searchQuery": "",
                "backlinkCollapsed": false,
                "unlinkedCollapsed": true
              }
            }
          },
          {
            "id": "e7564c393f4a27a4",
            "type": "leaf",
            "state": {
              "type": "outgoing-link",
              "state": {
                "file": "vsftpd.md",
                "linksCollapsed": false,
                "unlinkedCollapsed": true
              }
            }
          },
          {
            "id": "afab54a82f7bf524",
            "type": "leaf",
            "state": {
              "type": "tag",
              "state": {
                "sortOrder": "frequency",
                "useHierarchy": true
              }
            }
          },
          {
            "id": "be0ffadc1cabcb66",
            "type": "leaf",
            "state": {
              "type": "outline",
              "state": {
                "file": "vsftpd.md"
              }
            }
          },
          {
            "id": "59d5b3771ff34b32",
            "type": "leaf",
            "state": {
              "type": "calendar",
              "state": {}
            }
          }
        ]
      }
    ],
    "direction": "horizontal",
    "width": 300,
    "collapsed": true
  },
  "left-ribbon": {
    "hiddenItems": {
      "switcher:Abrir selector rápido": false,
      "graph:Abrir vista gráfica": false,
      "canvas:Crear nuevo lienzo": false,
      "daily-notes:Abrir la nota de hoy": false,
      "templates:Insertar plantilla": false,
      "command-palette:Abrir paleta de comandos": false,
      "obsidian-importer:Open Importer": false
    }
  },
  "active": "8d52a483ac26d81f",
  "lastOpenFiles": [
    "Tomcat.md",
    "Sin título.canvas",
    "2024-03-11.md",
    "Despregamento de aplicacións web.md",
    "Sin título.md",
    "HTML import/PruebaHTML.md",
    "HTML import",
    "PruebaHTML.html",
    "vsftpd.md",
    "VSFTPD_IMG.jpg",
    "Servidor de Aplicaciones.md",
    "Documentacion.md",
    "Nota de prueba 2.md",
    "Nota de prueba 1.md",
    "create a link.md",
    "Servidor FTP.md",
    "Welcome.md"
  ]
}